{
 "c1": [
  691.0324675324674,
  993.5779220779218
 ],
 "c2": [
  1322.7207792207791,
  943.707792207792
 ],
 "r": 248.91929982577255,
 "thick": 123.17370129870127,
 "pos": -0.005,
 "xi_g": 160,
 "g_len": 7.07,
 "k_len": 398.0
}