{
 "c1": [
  583.9911966436466,
  978.8250524430196
 ],
 "c2": [
  1221.1703514271571,
  928.1403469488766
 ],
 "r": 246.6202198084635,
 "thick": 233.42803030303025,
 "pos": 0.006087662337662336,
 "xi_g": 160,
 "g_len": 7.07,
 "k_len": 398.0
}