{
 "c1": [
  702.1147186147185,
  971.4134199134196
 ],
 "c2": [
  1333.8030303030305,
  927.0844155844152
 ],
 "r": 241.40490706332224,
 "thick": 122.15909090909088,
 "pos": -0.008116883116883189,
 "xi_g": 160,
 "g_len": 7.07,
 "k_len": 398.0
}